title,author,publisher,call_number,isbn,edition,year,pages,copies,remarks,image_url,,,,,,,,,
Children's Literature,"Parayno, Salud M.",Katha Pub. Co. Inc.,808.899,,,1997,131,,,,,,,,,,,,
Developmental Reading (Workbook),"Talens, Belen A.",Katha Pub. Co. Inc.,418.4,,,1997,85,,,,,,,,,,,,
Developmental Reading,"Dias, Lourdes S.",PAFTI & Katha Pub. Co. Inc.,418.4,,,1997,156,,,,,,,,,,,,
Workbook for Student Teaching,"Lardizabal, Amparo",PAFTI & Katha Pub. Co. Inc.,370.733`2,,,1997,63,,,,,,,,,,,,
Teaching Strategies I,"Alcantara, Rebecca D.",PAFTI & Katha Pub. Co. Inc.,372.4,,,1996,194,,,,,,,,,,,,
Priciples of Teaching & Instruction Tech.,"Navaro, Rosita L.",Katha Pub. Co. Inc.,371.3,,,1995,133,,,,,,,,,,,,
Current Issues,"Ronquillo, Adelaida",Katha Pub. Co. Inc.,362,,,1995,222,,,,,,,,,,,,
A Text on values Education,"Bocungan, Cleofe M.",Katha Pub. Co. Inc.,370.11,,,1996,207,,,,,,,,,,,,
Educational Education & Measurements Theory Practice & Application,"Padua, Roberto N.",Katha Pub. Co. Inc.,371.2,,,1997,113,,,,,,,,,,,,
Teaching Strategies in the Social Science for Elementary Grades,"Gonzales, Minerva A.",PAFTI & Katha Pub. Co. Inc.,372.83,,,1989,94,,,,,,,,,,,,
College Algebra,"Banguero, Evelyn B.",Katha Pub. Co. Inc.,512,,,1990,221,,,,,,,,,,,,
Social Issues & Problem: Their Implication to Philippine National Development,"Ronquillo, Adelaida A.",Katha Pub. Co. Inc.,361.1,,,1990,104,,,,,,,,,,,,
English for College Freshmen,"Villanueva, Perla K.",Katha Pub. Co. Inc.,428,,,1995,279,,,,,,,,,,,,
Panitikang Pilipino (Pandalubhasaan),"Sauco, Consolacion P.",Katha Pub. Co. Inc.,895,,,1997,251,,,,,,,,,,,,
Sining ng Pakikipagtalastasan,"Manacsa, Felivitas R.",Katha Pub. Co. Inc.,499.211,,,1995,135,,,,,,,,,,,,
"Psychological, Anthropological and Sociological Foundation of Education (Foundation of Education 1)","Bustos, Alicia S.",Katha Pub. Co. Inc.,370.15,,,1996,135,,,,,,,,,,,,
"Foundation of Education II: (Historical, Philosophical and ligal Foundation of Education","San Mateo, Rosalinda A.",Katha Pub. Co. Inc.,370.1,,,1997,111,,,,,,,,,,,,
"The Teaching of Science and Health, Mathematics and Home Economics and Practical Arts (Teaching Strategies III)","Salandanan, Gloria D.",PAFTI & Katha Pub. Co. Inc.,372.3,,,1996,92,,,,,,,,,,,,
Handbook of English Grammar w/ Graded Exercises,"Amores, Corazon J. et. al",National Book Store,415.2,,,1986,216,,,,,,,,,,,,
English for College Freshmen,"Arroyo, Sandra R.",Rex Book Store,428,,,1994,224,,,,,,,,,,,,
Basic Math for College Students,"Benigno, Gloria D.",Rex Book Store,510,,,1993,289,,,,,,,,,,,,
Fundamentals of Physical Chemistry,"Maroa, Samuel R.",Machillan Pub. Co. Inc,541.3,,,1974,853,,,,,,,,,,,,
Sining ng Pakikipagtalastasan,"Gonzales, Lourdes F.",Rex Book Store,499.211,,,1989,198,,,,,,,,,,,,
Priciples of Speech & Oral Communication,"Romero, Perlita P.",Katha Pub. Co. Inc.,302.2242,,,1997,,,,,,,,,,,,,
Panitikang Pilipino,"Salagan, Lucila A. et.al",Katha Pub. Co. Inc.,899.21,,,1995,257,,,,,,,,,,,,
Gymnastics for Girls,"Aquino, Francisca R.",Kayumaggi Press Inc,796.44,,,1953,251,,,,,,,,,,,,
Technical Writting for Filipino Students,"Alcantara, Rebecca D.",Katha Pub. Co. Inc.,808.0666,,,1995,129,,,,,,,,,,,,
Writing Skills for College Freshmen,"Villanueva, Perla M.",Katha Pub. Co. Inc.,808,,,1993,170,,,,,,,,,,,,
Games for Young Adults,"Shea, Margaret D.",Katha Pub. Co. Inc.,796,,,1991,119,,,,,,,,,,,,
Social -Political Philosophy,"de Villa, Agerico M.",Katha Pub. Co. Inc.,100,,,1992,207,,,,,,,,,,,,
Heograpiya ng Daigdig,"Zaide, Sonia M.",Katha Pub. Co. Inc.,910,,,1992,120,,,,,,,,,,,,
An Approach to Literature,"Romero, Perlita P.",Katha Pub. Co. Inc.,800,,,1997,157,,,,,,,,,,,,
Practical Guide to Dissertation Writing,"Rivera, Maxiamiano M.",Katha Pub. Co. Inc.,001.4,,,1996,130,,,,,,,,,,,,
Ethics & Logic: Basic Concept,"de Castro, Leonardo D.",Katha Pub. Co. Inc.,170,,,1993,223,,,,,,,,,,,,
Introduction to Psychology,"Bustos, Alicia S.",Katha Pub. Co. Inc.,150,,,1985,278,,,,,,,,,,,,
Music for the Classroom Teacher,"Gloria, Loreto C.",Katha Pub. Co. Inc.,780,,,1984,132,,,,,,,,,,,,
The Philippines: Agrarian Reform and the Tax System,"Espiritu, Soccoro C.",Katha Pub. Co. Inc.,333.31,,,1995,151,,,,,,,,,,,,
"Manual for Observation, Participation and Community Immersion","Corpuz, Brenda B.",Katha Pub. Co. Inc.,370.733,,,1997,91,,,,,,,,,,,,
Elements of Biological Science,"Keeton, William T.",National Book Store Inc,574,,,1978,730,,,,,,,,,,,,
Modern Technical Physics,"Beisen, Arthur",Addison-Wesley Pub. Co.,530,,,1992,911,,,,,,,,,,,,
Collegr Physics,"Sears, Francis et. al.",Addison-Wesley Pub. Co.,530,,,1992,1061,,,,,,,,,,,,
Chemistry,"Mortimer, Charles",Wodsworth INc,540,,,1986,903,,,,,,,,,,,,
Introduction to Psychology,"Atkinson, Rita L. et. al.",Thrcourt Brace & Co.,150,,,1993,7842,,,,,,,,,,,,
English in Higher Education,"Cortez, Lilia R.",Rex Book Store,428,,,1989,234,,,,,,,,,,,,
Modern College Algebra,"Vance, Elbridge P.",Addison-Wesley Pub. Co.,512,,,1975,310,,,,,,,,,,,,
Effective Voice and Diction,,Rex Book Store,,,,1980,154,,loss,,,,,,,,,,
The Philippines: A Unique nation,"Zaido, Sonia M.",All Nations Pub. Co. Inc.,959.9,,,1994,458,,,,,,,,,,,,
Rundamentals of Music,"Rivaledo, Rosita F.",National Book Store Inc,780,,,1986,165,,,,,,,,,,,,
Physical Education handbook,"Belmonte, Paz Cielo A.",Rex Book Store,796.07,,,1970,257,,,,,,,,,,,,
Mabisang Pakikipag Talastasan sa Filipino (Filipino I sa Pamantasan),"Fortunato, Teresita F.",Rex Book Store,499.211,,,1991,285,,,,,,,,,,,,
Modern Philosophies of Education,"Brubacker, John S.",Mc Graw Hill Inc.,370.1,,,1978,393,,,,,,,,,,,,
Musical Instrumentn then and now,"Rivaledo, Rosita F.",National Book Store Inc,784.19,,,1994,238,,,,,,,,,,,,
College Writing and Reading ,"Tiempo, Edilberto K.",Rex Book Store,411,,,1996,624,,,,,,,,,,,,
History of the Republic of the Philippines,,National Book Store Inc,,,,1983,469,,loss,,,,,,,,,,
Fundamentals of Physical Chemistry,"Orochfort, H. B.",Merran Sea & Off. Supply,541.3,,,1959,415,,,,,,,,,,,,
College Algebra,,"Prentice-Hall, Inc",,,,1982,406,,,,,,,,,,,,
Kuminikasyon at Lingguistika,"Lachica, Velandra S.","Saint Bernadette, Publication Inc.",410,,,1993,225,,,,,,,,,,,,
Freshmen Psychology,"Amparo, Librada",,150,,,1992,251,,,,,,,,,,,,
Educational Psychology,"Lupdag, Anselmo",National Book Store Inc,370.15,,,1984,264,,,,,,,,,,,,
General Psychology,"Kahayon, Alicia",National Book Store Inc,150,,,1984,423,,,,,,,,,,,,
Panitikan ng Pilipinas,"Panganiban, Jose Villa",Rex Book Store,899.21,,,1995,311,,,,,,,,,,,,
Phil Recomends for Rattan Production,Phil. Council for Agri. Forestry and National Reserve,PCARRD & NRMP,584.5,,,1991,95,,,,,,,,,,,,
Phil Recomends for Tikog Production,PCARRD,PCARRD & NRMP,584.9,,,1994,45,,,,,,,,,,,,
Phil Recomends for Banana Production,Phil. Council for Agri. Forestry and National Reserve,PCARRD,634.772,,,1992,135,,,,,,,,,,,,
Phil Recomends for Soybean Production,Comittee of Soybean,PARRFI,583.322,,,1986,111,,,,,,,,,,,,
Phil Recomends for Coconut Production,The Coconut Comittee,"PCARRD, PARRFI, PCRDF",584.5,,,1993,234,,,,,,,,,,,,
Major Weeds of the Philippines,"Moody, K. et. al.",Weed Science Society of the Philippines,581.652,,,1994,328,,,,,,,,,,,,
Rice Farming System/ New Direction,IRRI,IRRI,633.18,,,1989,375,,,,,,,,,,,,
Basic Soil Fertility,"Mateo, Roberto N.",UP Printery,631.42,,,1990,328,,,,,,,,,,,,
Postharvest Tech. for South East Asian Perishable Crops,"Bautista, Ofelia K.",Tech and Livelihood Resource,635.02,,,1990,302,,,,,,,,,,,,
Postharvest Handling: A Training Manual,"edited by: Lizada, Ma. Conception",PHTRC,635.1,,,1993,237,,,,,,,,,,,,
Intro. to Tropical Horticulture,"edited by: Bautista, O. K.",SEAMEO,635,,,1994,598,,,,,,,,,,,,
Commodity Industry Analysis: Bulb Onion,Maunahan M.V.,PCARRD/UPLB,584.324,,,1988,42,,,,,,,,,,,,
Commodity Industry Analysis: Coconut,Maunahan M.V.,PCARRD/UPLB,584.5,,,1988,72,,,,,,,,,,,,
Participatory Environment Conservation and Management (B.S. No. 153),"Phil. Council for Agri. Forestry and Natural Resources, Research & Development","PCARRD, PARRFI",658.408,,,1995,95,,,,,,,,,,,,
"Environment, Classification & Agronomic Potentials of Some Wetdowel Soil in the Phil","Raymudo, M.E.","PCARRD, IRRI",631.44,,,1989,174,,,,,,,,,,,,
Commodity Industry Analysis: Abaca,"de Castro, N. L.",PCARRD,584.21,,,1988,42,,,,,,,,,,,,
Phil. Recommends for Groiler Production,The Broiler Production Comittee,PCARRD,636.5,,,1996,91,,,,,,,,,,,,
Phil Recomends for Fuelwood and Charcoal Utilization,The Commitee for Fuelwood & Charcoal Utilization,PCARRD,333.989,,,1985,95,,,,,,,,,,,,
Phil Recommends for Bamboo Production,The Bamboo Production Committee,PCARRD & NPCO-DEBR,584.93,,,1991,74,,,,,,,,,,,,
Phil. Recommends for Mangrove Prod. and Harvesting,Phil. Council for Agriculture,PCARRD,583.42,,,1991,96,,,,,,,,,,,,
Phil. Recommends for Orchids,Committee for Orchids,"PCARRD, PARRFI",584.5,,,1994,154,,,,,,,,,,,,
Mechanics of Materials: SI version,"Higdon, Archie","John Wiley & Sons, Inc.",,,,,752,,,,,,,,,,,,
Bioengenered Molecules: Basic and Clinical Aspects,"verna, Roberto","Raven Press Book, Ltd.",,,,1989,156,,,,,,,,,,,,
"Industry Basics: Intro. to the History, Structure & Technology of the telecommunication Industry","Keeler, David",NAT-A,,,,1986,53,,,,,,,,,,,,
Pathology of Gene Expression,"Frati, Luigi","Raven Press Book, Ltd.",574.2,,,1989,,,,,,,,,,,,,
Brief Calculus Application,"larson, Ronald",D. C. Health & Company,,,,1987,616,,,,,,,,,,,,
Fundamental Experiments in Microbiology,"Crabtree, Koby",W. B. Saunders Co.,,,,1974,349,,,,,,,,,,,,
Vox Architecture Handbook,,Digital Equipment Corp,,,,1981,506,,,,,,,,,,,,
Philippine Exporter's Manual,,Bureaw of Export Trade Promo,,,,1990,303,,,,,,,,,,,,
Philippine Exporter's Manual: Gen. Export Procedures & Support Services to Exporters,,Bureaw of Export Trade Promo,,,,1990,243,,,,,,,,,,,,
Economics Explained,"Heilbroner, Robert","Simon & Schuster, Inc",,,,1982,,,,,,,,,,,,,
Machillan English,"Thobeur, Tina",Machillan Pub. Co. Inc.,,,,1984,552,,,,,,,,,,,,
Machillan English,,Machillan Pub. Co. Inc.,,,,1984,,,,,,,,,,,,,
Plant Design & Economics for Chemical Engineer,"Peters, Max A.",Mc Graw Hill Inc.,,,,1980,973,,,,,,,,,,,,
Chemistry: A Conseptual Approach,"Mortimer, Charles E.",D. Van Nostrand,,,,1975,756,,,,,,,,,,,,
Manual of Mineralogy,"Herilbut, Cornelius",John Wiley & Son,549,,,1977,532,,,,,,,,,,,,
Manual of Mineralogy,"Herilbut, Cornelius",John Wiley & Son,549,,,1977,532,,,,,,,,,,,,
Chemilcal Process Industries,"Shrene, R. Morris",Mc Graw Hill Inc.,660.2,,,1977,814,,,,,,,,,,,,
Chemical Reaction Engineering,"Lovenspiel, Octave",John Wiley & Son,,,,1962,501,,,,,,,,,,,,
An Introduction to Embryology,"Balionsky, B.",Saunders Coll. Pub.,,,,1992,768,,,,,,,,,,,,
Hugot sa Sinapupunan,"Bantug, Marie Christine",Hasik Inc.,,,,1992,347,,,,,,,,,,,,
kaya Tao,"Okamura, Jonathan ed.",,,,,1986,146,,,,,,,,,,,,
Computers in Endocriminology,"Rodbard, David","Serono, Symposia Pub.",,,,1984,349,,,,,,,,,,,,
Exclusive Arterial Diseases of the Lower Limbs in young Patients,"Fiorani, P.","Serono, Symposia Pub.",,,,1984,314,,,,,,,,,,,,
Thymic Factor Theraphy,"Byron, N. A.","Serono, Symposia Pub.",,,,1984,441,,,,,,,,,,,,
Cytobiology of Luehaemias and Lymphonas,"Quaglino, Dennis","Serono, Symposia Pub.",,,,1985,,,,,,,,,,,,,
The Endocrine Physiology of Pregnancy & the Peripartal Period,"jaffe, R. B.","Serono, Symposia Pub.",,,,1985,,,,,,,,,,,,,
Thyroid Disorder Associated w/ Indocrine Deficiency and Excess,"Hall, R.","Serono, Symposia Pub.",,,,1985,,,,,,,,,,,,,
Immunopharmacology,"Miescher, Peter A.","Serono, Symposia Pub.",,,,1985,,,,,,,,,,,,,
The Adrenal Glands & Hypertension,"Mantero, F.","Serono, Symposia Pub.",,,,1985,,,,,,,,,,,,,
Reproductive Medicine,"Steinberger, E.","Serono, Symposia Pub.",,,,1986,504,,,,,,,,,,,,
Monoclonal Antibodies: Basic Principles Experiments and Clinical,"Forti, G.","Serono, Symposia Pub.",,,,1986,325,,,,,,,,,,,,
Acute Brain Ischemia Medical and Surgical Theraphy,"Battistini, Noe","Serono, Symposia Pub.",,,,1986,368,,,,,,,,,,,,
Biological Regulation of Cell Proliferation,"Baserga, R.","Serono, Symposia Pub.",,,,1986,367,,,,,,,,,,,,
The Contral Follicle Dent. Ovulation & Luteal Function: Lesson From Vitro Fertilization,"Naftolin, Frederick","Serono, Symposia Pub.",,,,1986,354,,,,,,,,,,,,
Fertility Regulation Today & Tomorrow,"Diczafaluzy, E.","Serono, Symposia Pub.",,,,1987,317,,,,,,,,,,,,
Hypoglycemia,"Andreani, D.","Serono, Symposia Pub.",,,,1987,312,,,,,,,,,,,,
"Genotypic, Phenotypic & Functional Aspects of Haematopoiecis","Grignano, F.","Serono, Symposia Pub.",,,,1987,408,,,,,,,,,,,,
Inhibin Non-Steroidal Regulation of Follicle Stimulation Hormone,"Burger, H. G.","Serono, Symposia Pub.",,,,1987,315,,,,,,,,,,,,
Fundamentals in Clinic in Pineal Research,"Trentini, G. P.","Serono, Symposia Pub.",,,,1987,392,,,,,,,,,,,,
Andrology and Human Reproduction,"Negro-Vilar, A.","Serono, Symposia Pub.",,,,1988,341,,,,,,,,,,,,
Preservation of Tubo-Ovarian Function in Gynlcologic Benign & Malignant Disease,"Ichimoe, K.","Serono, Symposia Pub.",,,,1988,680,,,,,,,,,,,,
Implantation in Mammals,"Gianaroli, L.","Serono, Symposia Pub.",,,,1983,328,,,,,,,,,,,,
Reproductive Medicine,"Frojese, G.","Serono, Symposia Pub.",,,,1983,336,,,,,,,,,,,,
Reproductive Immunology,"Dondero, F.","Serono, Symposia Pub.",,,,1983,388,,,,,,,,,,,,
Makabagong Balarilang Filipino,"Santiago, Alfonso",Rex Printing Co. Inc,,,,1997,294,,,,,,,,,,,,
Sining ng Pakikipagtalastasan,"Tomangan, Alcontiser",National Book Store Inc,302.2,,,1986,223,,,,,,,,,,,,
Ang Sining ng Pakikipagtalastasan sa Kolehiyo,"Santiago, Erlinda",National Book Store Inc,,,,1982,208,,,,,,,,,,,,
Retorika (Nilimbag 1994),"Rubin, Ligaya",Rex Printing Co. Inc,,,,1987,228,,,,,,,,,,,,
Tanging Gamit ng Filipino,"Guamen, Pructosa",Rex Printing Co. Inc,,,,1986,334,,,,,,,,,,,,
gamiting Pilipino Pagbasa at Pagsulat,"Baluez, Paz M.",Rex Printing Co. Inc,372.63,,,1990,266,,,,,,,,,,,,
Filipino Bilang Tanging Gamit,,Rex Printing Co. Inc,,,,1995,122,,,,,,,,,,,,
Panitikan ng Pilipinas,"Panganiban, Jose Villa",Rex Printing Co. Inc,899.2,,,1995,311,,,,,,,,,,,,
Swine Directory Manual,(Luz P. Nepoles) - Pres ITCPH Foundation Inc,ITCPH Foundation Inc.,,,,1995,103,,,,,,,,,,,,
Effective Writing,"Alcantara, Rebeca D.",Phoenix Pub. House,,,,1988,173,,,,,,,,,,,,
Philippine National Biography (1979),National Library,National Library,,,,1987,486,,,,,,,,,,,,
Philippine National Biography (1985),National Library,National Library,,,,1989,302,,,,,,,,,,,,
Philippine National Biography (1986),National Library,National Library,,,,1987,274,,,,,,,,,,,,
Philippine National Biography (1986 part 2),National Library,National Library,,,,1990,175,,,,,,,,,,,,
Philippine National Biography (1987),National Library,National Library,,,,1992,277,,,,,,,,,,,,
Philippine National Biography (1988),National Library,National Library,,,,1992,281,,,,,,,,,,,,
Philippine National Biography (1989),National Library,National Library,,,,1990,339,,,,,,,,,,,,
Philippine National Biography (1990),National Library,National Library,,,,1992,387,,,,,,,,,,,,
Philippine National Biography (1993),National Library,National Library,,,,1994,391,,,,,,,,,,,,
Philippine National Biography (1994),National Library,National Library,,,,1995,421,,,,,,,,,,,,
Philippine National Biography (1995),National Library,National Library,,,,1995,298,,,,,,,,,,,,
Philippine National Biography (1996),National Library,National Library,,,,1997,427,,,,,,,,,,,,
English-Tagalog Dictionary,"English, Leo James",,,,,1985,,,,,,,,,,,,,
Phil Plants and their Contained Nat. Pro.,"Santos, et. al.",,,,,1981,512,,,,,,,,,,,,
Phil Plants and their Contained Nat. Pro.,"Santos, et. al.",,,,,1981,513-1026,,,,,,,,,,,,
Phil Plants and their Contained Nat. Pro.,"Santos, et. al.",,,,,1981,1027-1547,,,,,,,,,,,,
Phil Plants and their Contained Nat. Pro.,"Santos, et. al.",,,,,1981,1548-2005,,,,,,,,,,,,
Phil Plants and their Contained Nat. Pro.,"Santos, et. al.",,,,,1981,2006-2121,,,,,,,,,,,,
Phil. Science Encyclopedia (Agriculture),Boncad. Nestor D.,,,,,1984,264,,,,,,,,,,,,
"Phil. Science Encyclopedia (Mathematics, Physical Science)","Arcullana, Emerenciana",,,,,1987,308,,,,,,,,,,,,
Phil. Science Encyclopedia (Biological Science),"Velasquez, Carmen C.",,,,,1983,693,,,,,,,,,,,,
Adventures in Forgotten Century,"Polotan, Kerima",,,,,,301,,2pcs,,,,,,,,,,
In Retrospect: Travel & Deplomacy,"Malolos, Octavio L.",,,,,,123,,,,,,,,,,,,
"Making Education Work: Governace in Management, Areas of Goverment in philippine Education",,,,,,,324,,,,,,,,,,,,
Making Education Work: The Educational Ladder,,,,,,,280,,,,,,,,,,,,
Transworld Education: The Premier International Magazine for Student,,,,,,,152,,,,,,,,,,,,
Basisc Laws Governing the Finacial System of the Philippines,,,,,,,823,,,,,,,,,,,,
Casebook: The Accounting Function in Business,"Guerero, Ma. Teressa C.",University of the East,657.48,,,1972,212,,,,,,,,,,,,
The Labor Code of the Philippines & Its Implemented Rules & Regulation,,,,,,,528,,,,,,,,,,,,
The Collected Works of Federico M. Sioson,Magdangal Consolacion,NRCP,,,,,433,,,,,,,,,,,,
The Calculus 7,"Leithold, Louis",Harper Collins,515.15,,,1996,1193,,,,,,,,,,,,
Textbook for the Philippine Constitution,de Leon Hector,Rex Printing Co. Inc,342.02,,,1997,495,,,,,,,,,,,,
Research Methods,Sevilla,,,,,,,,,,,,,,,,,,
Introduction to Logic,"BachRuber, Andrew H.",,160,,,1966,332,,,,,,,,,,,,
Intro. to Sociology & Antropology,"Palispis, Epitacio S.",Rex Printing Co. Inc,301,,,1997,313,,,,,,,,,,,,
Management,"Stoner, James A. F.",,658,,,,,,,,,,,,,,,,
Ethics and the Filipino,"Agapay, Ramon B.",National Book Store Inc,170,,,1991,,,,,,,,,,,,,
Dynamics of Development,"Muhi, Estrellita T.",National Book Store Inc,338.9,,,1993,277,,,,,,,,,,,,
Fundamentals of Political Science,"Ayson, Florentino G.",National Book Store Inc,320,,,,426,,,,,,,,,,,,
A Research Primer,"Sevilla, Consuello G.",Rex Printing Co. Inc,001.42,,,1990,96,,,,,,,,,,,,
Manage Your Time,"Douglas, Merril E.",National Book Store Inc,650.1,,,1980,278,,,,,,,,,,,,
Leadership & One Minute Manager,,,,,,,,,,,,,,,,,,,
Analytic Geometry,"Fuller, Gordon",Apson Enterprises,516.3,,,1973,,,,,,,,,,,,,
Contemporary Social Issues and Problems,"Sanchez, Custodiosa A.",National Book Store Inc,361.1,,,1994,253,,,,,,,,,,,,
Ethics: The Philosophy of Life,"Montemayor, Felix",National Book Store Inc,170,,,1994,240,,,,,,,,,,,,
Social Problems in the Philippine Context,"Garcia, Manuel B.",National Book Store Inc,361.1,,,1994,460,,,,,,,,,,,,
Introductory Sociology,"Garcia, Manuel B.",National Book Store Inc,301,,,1993,303,,,,,,,,,,,,
Dent. It's Sociology Dimension,"Garcia, Manuel B.",National Book Store Inc,301,,,1993,218,,,,,,,,,,,,
Intro. to Humanities,"Van de Bogart, Doris",,001.3,,,,422,,,,,,,,,,,,
The Humanities,"Zulueta, Francisco",National Book Store Inc,00.13,,,1994,283,,,,,,,,,,,,
Logic: Simplified & Integrated,"Reyes, Edgardo A.",,160,,,,,,,,,,,,,,,,
Logic: The Essentials of Deductive Reasoning,"Agapay, Ramon B.",National Book Store Inc,160,,,1991,,,,,,,,,,,,,
College Algebra,"Hart, William","National Book Store Inc, D. E. Hart & Company",512,,,1964,480,,,,,,,,,,,,
Plane trigonometry: Simplified & Integrated,"Reyes, Edgardo A.",,516.232,,,,,,,,,,,,,,,,
Modern Algebra & Trigonometry,"Vance, Elbridge P.",National Book Store Inc,512,,,,436,,,,,,,,,,,,
Fundamental Logic,"Pi§on, Manuel T.",Rex Printing Co. Inc,160,,,1973,326,,,,,,,,,,,,
History of Western Civilization,"McNeill, William H.",National Book Store Inc,940.1,,,1986,672,,,,,,,,,,,,
Introduction to Psychology,"Aquino, Gaudencio",National Book Store Inc,150,,,1991,530,,,,,,,,,,,,
General Psychology,"Storer, Tracy I. .et al.",Mc Graw Hill Inc.,591,,,,902,,,,,,,,,,,,
Developmental Psychology,"Harlock, Elizabeth B.",,155,,,,,,,,,,,,,,,,
DDC,,,,,,,,,,,,,,,,,,,
Thesaurus Dictionary,,,,,,,,,,,,,,,,,,,
Rizal's Correspondence w/ Fellow Reformist,,,,,,,,,,,,,,,,,,,
Rizal's Poems,,,,,,,,,,,,,,,,,,,
Rizal's Prose,,,,,,,,,,,,,,,,,,,
The Laws of the 1st Philippine Republic,,,,,,,,,,,,,,,,,,,
A Rizal Anthology,,,,,,,,,,,,,,,,,,,
Filipinos in History Vol. I,,,,,,,,,,,,,,,,,,,
Filipinos in History Vol. II,,,,,,,,,,,,,,,,,,,
Filipinos in History Vol. III,,,,,,,,,,,,,,,,,,,
Filipinos in History Vol. IV,,,,,,,,,,,,,,,,,,,
Why is Rizal the Greatest Fil. Hero,de Ocampo E.,,,,,,,,,,,,,,,,,,
Letters Bet. Rizal & Family Members,,,,,,,,,,,,,,,,,,,
Miscellaneous Writting of Dr. Jose Rizal,,,,,,,,,,,,,,,,,,,
Historical Events of the Phil. Islands,,,,,,,,,,,,,,,,,,,
Pictorial Album on Rizal,,,,,,,,,,,,,,,,,,,
Politacal & Historical Writing of Rizal,,,,,,,,,,,,,,,,,,,
Quotations from Rizal's Wirtings,,,,,,,,,,,,,,,,,,,
Reminiscence of Dr. Jose Rizal,,,,,,,,,,,,,,,,,,,
Reminiscence & Travel of Dr. J. P. Rizal,,,,,,,,,,,,,,,,,,,
Rizal as an Internationalist,,,,,,,,,,,,,,,,,,,
"Mabini, Historical ?",,,,,,,,,,,,,,,,,,,
The Malolos Congress,,,,,,,,,,,,,,,,,,,
Winning Essays,,,,,,,,,,,,,,,,,,,
El Filibusterismo,,,,,,,,,,,,,,,,,,,
Noli Me Tangere,,,,,,,,,,,,,,,,,,,
Rizal - Blumentritt Correspondence ,,,,,,,,,,,,,,,,,,,
The Constitution of the Republic of the Philippines,Nolledo,National Book Store Inc,,,,1994,,,,,,,,,,,,,
Textbook in Phil. Contitution,"de Leon, Hector S.",Rex Printing Co. Inc,342.02,,,1997,,,,,,,,,,,,,
Textbook in Phil. Contitution,"de Leon, Hector S.",Rex Printing Co. Inc,342.02,,,1997,,,9 copies,,,,,,,,,,
To Win the Future,,,,,,,,,,,,,,,,,,,
A Call to Duty,,,,,,,,,,,,,,,,,,,
Time for Take-Off,,,,,,,,,,,,,,,,,,,
From Growth to Modernization,,,,,,,,,,,,,,,,,,,
Our Time has Come,,,,,,,,,,,,,,,,,,,
Leadership for the 21st Century,,,,,,,,,,,,,,,,,,,
The Continuity of Freedom,,,,,,,,,,,,,,,,,,,
Break not the Peace,,,,,,,,,,,,,,,,,,,
Fidel valdez Ramos,"Crisostomo, Isabelo T.",,,,,,,,,,,,,,,,,,
Philippines 2000: A Vision for the Nation,,,,,,,,,,,,,,,,,,,
Fundementals of Political Science,"Ayson, Florentino G.",National Book Store Inc,320,,,1993,,,,,,,,,,,,,
General Psychology,"Kahayon, Alicia H.",,150,,,,,,,,,,,,,,,,
General Psychology,"Kahayon, Alicia H.",,150,,,,,,,,,,,,,,,,
General Psychology,"Kahayon, Alicia H.",,150,,,,,,,,,,,,,,,,
Freshman Psychology,"Amparo, Librada B.",,150,,,,251,,,,,,,,,,,,
Introductory Economics,"Miranda, Gregorio S.",[s.n.],330,,,1996,345,,,,,,,,,,,,
Panimulang Aklat sa Pag-aalaga ng Baboy,"Katigbak, Gabriel S.",,636.4,,,,,,,,,,,,,,,,
General Psychology,"Kahayon, Alicia H.",,150,,,,,,,,,,,,,,,,
The Webster Dictionary,,,,,,,,,,,,,,,,,,,
Above San Francisco,,,,,,,,,,,,,,,,,,,
Foundation of Physical Education,,,,,,,,,,,,,,,,,,,
General Psychology,"Kahayon, Alicia H.",National Book Store Inc,150,,,1985,400,,,,,,,,,,,,
General Psychology,"Kahayon, Alicia H.",,150,,,,,,,,,,,,,,,,
General Psychology,"Gaerlas, Josefina",Ken Incorporated,150,,,1978,194,,,,,,,,,,,,
Modern Biology,"Velasquez, Carmen C.",National Book Store Inc,574,,,1993,829,,,,,,,,,,,,
Chemistry,"Nortimer, Charles E.",,540,,,,,,,,,,,,,,,,
Retorika sa Kolehiyo,Alcontiser P. Tumangan Sr.,GrandWater Pub.,808,,,1997,201,,,,,,,,,,,,
Istorya kan mga Banwaan kan Sorsogon,,,,,,,,,,,,,,,,,,,
English-Tagalog Dictionary,,,,,,,,,,,,,,,,,,,
Pagbasa at Pagsulat sa Ibat-ibang Disiplina,,,,,,,,,,,,,,,,,,,
Webster New Complete Desh + Reference Book,,,,,,,,,,,,,,,,,,,
The Revised Penal Code of the Philippines,Dominador D. Buhais,Rex Printing Co. Inc,248.023,,,1996,,,,,,,,,,,,,
Basic Agriculture,"de Leon, Manuel V.",Phoenix Pub. House,630,,,1995,,,,,,,,,,,,,
The Art of Argument and Debate,"Africa, Francisco M.",,168,,,,,,,,,,,,,,,,
Filipino Pangkolehiyo,"Arogante, Jose A.",,302.2,,,,,,,,,,,,,,,,
Kumunikasyon at Linguistika,,,,,,,,,,,,,,,,,,,
Sining at Komunikasyon,,,,,,,,,,,,,,,,,,,
College Algebra,,Pablo Bustamante,512,,,1997,250,,,,,,,,,,,,
Pagbasa at  Pagsulat sa Iba't-ibang Disiplina,,Sinag-Tala Pub. Inc.,,,,1992,,,,,,,,,,,,,
Economics: An Introduction,,,,,,,383,,,,,,,,,,,,
Literatura ng Pilipinas,"Cruz, Reynaldo J. et.al",,899.21,,,,,,,,,,,,,,,,
Introduction to Logic,"Cruz, Corazon L.",National Book Store Inc,160,,,1995,363,,,,,,,,,,,,
Physics: Science & Technology,"tayao, Antonio G.",,530,,,,703,,,,,,,,,,,,
Plane trigonometry,"Ymas, Sergio J. E.",,516.242,,,,240,,,,,,,,,,,,
English Pronunciation,,,,,,,,,,,,,,,,,,,
Common Skills for College Students,"Koch, Carl. et. al.",National Book Store Inc,418.4,,,1982,,,,,,,,,,,,,
The Labor Code of the phillipines and Its Implementary Rules,"Foz, Vicente B.",,344.599,,,1998,624,,,,,,,,,,,,
General Psychology (Green Cover),"Gaerlan, Josefina",,150,,,1994,212,,,,,,,,,,,,
General Psychology (Green Cover),"Kahayon, Alicia H.",,150,,,1994,440,,,,,,,,,,,,
The Labor Code of the phillipines and Its Implementary Rules,"Foz, Vicente B.",,344.599,,,1998,624,,,,,,,,,,,,
Philosophy of Man,Dy. Manuel Jr. B.,Goodwill Trading Co. & Inc.,100,,,1986,277,,,,,,,,,,,,
Introduction to Psychology,"Artigas, Mariano",,100,,,,,,,,,,,,,,,,
Philosophy of Philippine Eduction,,,,,,,,,,,,,,,,,,,
Philippine Constitution,,,,,,,,,,,,,,,,,,,
Ethics: The Philosophy of Life,,,,,,,,,,,,,,,,,,,
Production & Operation Management,,,,,,,,,,,,,,,,,,,
System Analysis & Design,,,,,,,,,,,,,,,,,,,
College Algebra,,,,,,,,,,,,,,,,,,,
Mga Nilikhang Sulating Teknikal,,,,,,,,,,,,,,,,,,,
Introduction to Statistics,"Walpole, Ronald E.",EDCA Problishing & Distributing Corp.,519.5,,,1982,521,,,,,,,,,,,,
Principles & Methods of Teaching,,,,,,,,,,,,,,,,,,,
Statistical Analysis in Psychology and Education,,,,,,,,,,,,,,,,,,,
Introduction of Psychology,,,,,,,,,,,,,,,,,,,
Marketing management,,,,,,,,,,,,,,,,,,,
Practical Business Psychology,"Laird, Donald A.",Mc Graw Hill Inc.,158.9,,,1979,442,,,,,,,,,,,,
Fundamentals of Statistics,"Pagoso, Cristobal M.",Sinag-Tala Pub. Inc.,310,,,1978,,,,,,,,,,,,,
Research in Education,"Best, John W.",,370.7,,,,,,,,,,,,,,,,
Psychological Testing,"Anastasi, Anne",,153.93,,,,,,,,,,,,,,,,
Psychology of Philippine Education,"Elevanzo, Aurelio O.",National Book Store Inc,370.01,,,,178,,,,,,,,,,,,
Civil Code of the Philippines,,,,,,,,,,,,,,,,,,,
Elementary Differential Equation,,,,,,,,,,,,,,,,,,,
Teaching Strategies 1,,,,,,,,,,,,,,,,,,,
Teaching Strategies 2,,,,,,,,,,,,,,,,,,,
Licensure Exam for Teachers,,,,,,,,,,,,,,,,,,,
Reviewer for LET,,,,,,,,,,,,,,,,,,,
Reviewer for LET,"Quim, Magdalea S.",,371.1`045,,,1996,210,,,,,,,,,,,,
PNP Reviewer,,,,,,,,,,,,,,,,,,,
Qualitative Analysis,,,,,,,,,,,,,,,,,,,
Effective English for College Freshmen,,,,,,,,,,,,,,,,,,,
Philosophy of Education in Philippine Setting,"Gregorio, Herman C.",,370.1,,,,,,,,,,,,,,,,
Civil Code (hardbound),,,,,,,,,,,,,,,,,,,
Campus Journalism,,,,,,,,,,,,,,,,,,,
Civil Code of the Philippine (Annnotated),,,,,,,,,,,,,,,,,,,
The Word at Work,"Van Horne, Marion",New Day Pub.,808.02,,,1991,173,,,,,,,,,,,,
Basic Journalism,"Estrada, Eupemia C.",National Book Store Inc,070.4,,,1987,299,,,,,,,,,,,,
Technical Writing,,,,,,,,,,,,,,,,,,,
The Revised Penal Code,,,,,,,,,,,,,,,,,,,
Probability & Statistics,,,,,,,,,,,,,,,,,,,
Elementary Linear Algebra,,,,,,,,,,,,,,,,,,,
Phil. Folk Dance,"Aquino, Francisca R.",,593.31,,,,,,,,,,,,,,,,
Dances for all Occasion,"Aquino, Francisca R.",,792.8,,,,,,,,,,,,,,,,
Fundamentals Dance Step and Music,,,,,,,,,,,,,,,,,,,
Foriegn Folk Dances,,,,,,,,,,,,,,,,,,,
Economics,,,,,,,,,,,,,,,,,,,
Career Service Reviewer,,,,,,,,,,,,,,,,,,,
Intro to Computer Information Processing,,,,,,,,,,,,,,,,,,,
Intro. Pascal 7 - The Comp,"O`Brien, Stephen K.",Global Publishing/ Osborne McGraw-Hill,005.133,,,1998,808,,,,,,,,,,,,
Intro to Computer Science,"Zwass, Vladimir",National Book Store Inc/ Barnes & Noble Books,001.64,,,1981,256,,,,,,,,,,,,
Mythology,"Hamilton, Edith",Warner Books. Inc,398.2,,,1969,352,,,,,,,,,,,,
Differential & Integrated Calculus,,,,,,,,,,,,,,,,,,,
Calculus with Analytic Geometry,,,,,,,,,,,,,,,,,,,
"My Body, My Health",,,,,,,,,,,,,,,,,,,
Know About Your Health,,,,,,,,,,,,,,,,,,,
Handbook on the PNP,,,,,,,,,,,,,,,,,,,
Effective English for College,,,,,,,,,,,,,,,,,,,
Organic Chemistry,,,,,,,,,,,,,,,,,,,
BioChemistry,,,,,,,,,,,,,,,,,,,
Intro. to Computer & Information Systems,,,,,,,,,,,,,,,,,,,
Economics,,,,,,,,,,,,,,,,,,,
Food Microbiology,,,,,,,,,,,,,,,,,,,
Public Speaking & You,"Bagasan, Ramon N.",The United States Copyright Office,808.57,,,1983,278,,,,,,,,,,,,
Priciples of Speech & Communication,,,,,,,,,,,,,,,,,,,
Phil. Lit: Past & Present,"Baltasan, Siverio",Katha Pub. Co. Inc.,899,,,1981,362,,,,,,,,,,,,
Pathway to Phil. Lit. in English,"Roseburg, A.G.",Phoenix Pub. House,899.21,,,1988,294,,,,,,,,,,,,
Developmental Reading,"Villamin, Araceli M.",Phoenix Pub. House,418.4,,,1988,179,,,,,,,,,,,,
Journalsm for Filipinos,"Malinao, Alito L.",National Book Store Inc,070.4,,,1997,443,,,,,,,,,,,,
Phil. Journalism Hadbook,"Ramirez, Jaime B.",National Book Store Inc,070.4,,,1989,634,,,,,,,,,,,,
Analytical Chemistry,,,,,,,,,,,,,,,,,,,
The Human Commedy,,,,,,,,,,,,,,,,,,,
The Best Known Work of Oscar Wilde,,,,,,,,,,,,,,,,,,,
Gandhi Soldier of ??????,,,,,,,,,,,,,,,,,,,
Deadly Women,,,,,,,,,,,,,,,,,,,
The Anish,,,,,,,,,,,,,,,,,,,
The Complete Engravings Etchings and Drypoints of Albrecht DÅrer,,,,,,,,,,,,,,,,,,,
His Name is Ron: Our Search for Justice,,,,,,,,,,,,,,,,,,,
Will Rogers: A Biography,,,,,,,,,,,,,,,,,,,
The Lonesome Gods,,,,,,,,,,,,,,,,,,,
Selection from Readers Digest Condensed Books,,,,,,,,,,,,,,,,,,,
Anna and the King of Sion,,,,,,,,,,,,,,,,,,,
Wheels,,,,,,,,,,,,,,,,,,,
Time-Life Book Digest,,,,,,,,,,,,,,,,,,,
Headhunting in the Solomon,,,,,,,,,,,,,,,,,,,
Australia: World of Difference,,,,,,,,,,,,,,,,,,,
The World's Great Religion,,,,,,,,,,,,,,,,,,,
Long Shot,,,,,,,,,,,,,,,,,,,
The Techniques of Etching,,,,,,,,,,,,,,,,,,,
Mr. Santler's Planet,,,,,,,,,,,,,,,,,,,
The Real Book about the Wealth,,,,,,,,,,,,,,,,,,,
Candide Voltaire,,,,,,,,,,,,,,,,,,,
The 1994 Information Please Almanac,,,,,,,,,,,,,,,,,,,
Caine Mutiny,,,,,,,,,,,,,,,,,,,
Selection from Reader's Diggest Condensed Book's,,,,,,,,,,,,,,,,,,,
Journey: A Novel,,,,,,,,,,,,,,,,,,,
War & Peace,,,,,,,,,,,,,,,,,,,
Greek & Romam Civilazation,,,,,,,,,,,,,,,,,,,
The Outline of History ?????,,,,,,,,,,,,,,,,,,,
Erna Bonbech,,,,,,,,,,,,,,,,,,,
Information Please ALMANAC,,,,,,,,,,,,,,,,,,,
The Eagle and the Raven,,,,,,,,,,,,,,,,,,,
Good! I'm Growing Older,,,,,,,,,,,,,,,,,,,
How to do it Encyclopedia,,,,,,,,,,,,,,,,,,,
Word for word,,,,,,,,,,,,,,,,,,,
Field of Hope,,,,,,,,,,,,,,,,,,,
Today's Best Non-Fiction,,,,,,,,,,,,,,,,,,,
To Build a Fire,,,,,,,,,,,,,,,,,,,
Selected Poems,,,,,,,,,,,,,,,,,,,
The Complete Book of Silk Screen Production,,,,,,,,,,,,,,,,,,,
Farm Festival,,,,,,,,,,,,,,,,,,,
One Thousand Beautiful Thing,,,,,,,,,,,,,,,,,,,
Border Music,,,,,,,,,,,,,,,,,,,
The Kings of San Carlos,,,,,,,,,,,,,,,,,,,
Todays best non-fiction,,,,,,,,,,,,,,,,,,,
Boys and Girls Bookshelf,,,,,,,,,,,,,,,,,,,
And More by Andy Rooney,,,,,,,,,,,,,,,,,,,
Appointment in Samarra,,,,,,,,,,,,,,,,,,,
Bay of Arrows,,,,,,,,,,,,,,,,,,,
The House of a Thousand Lanterns,,,,,,,,,,,,,,,,,,,
Swear by Apollo,,,,,,,,,,,,,,,,,,,
Rizpah,,,,,,,,,,,,,,,,,,,
Great Expectation,,,,,,,,,,,,,,,,,,,
Daniel Brown Wilderness Scout,,,,,,,,,,,,,,,,,,,
The National Gardening,,,,,,,,,,,,,,,,,,,
The Selected Reader,,,,,,,,,,,,,,,,,,,
The New York times: Book of Vegetation Gardening,,,,,,,,,,,,,,,,,,,
Today's Best Non-Fiction,,,,,,,,,,,,,,,,,,,
The Way to the Lantern Noble House,,,,,,,,,,,,,,,,,,,
Freezing & Calming Cookbook,,,,,,,,,,,,,,,,,,,
Making Things Grow,,,,,,,,,,,,,,,,,,,
Pieces of Mind,,,,,,,,,,,,,,,,,,,
Rainbow Six,,,,,,,,,,,,,,,,,,,
Making Things Grow Outdoor,,,,,,,,,,,,,,,,,,,
How to Grow Vegetable & Fruits by Organic Method,,,,,,,,,,,,,,,,,,,
Readers Diggest Condensed Book,,,,,,,,,,,,,,,,,,,
Best Seller,,,,,,,,,,,,,,,,,,,
The New Garden Encyclopedia,**********,**********,**********,,,,**********,,**********,,,,,,,,,,
How to Write Like a Pro,,,,,,,,,,,,,,,,,,,
Pepper: Eyewitness to the Century,,,,,,,,,,,,,,,,,,,
Petit Miroir de la Civilization,,,,,,,,,,,,,,,,,,,
Margaret Mitchell of Atlantha,,,,,,,,,,,,,,,,,,,
"Hong Kong, China",,,,,,,,,,,,,,,,,,,
America the Beautiful in the Words of Henry David Tho,,,,,,,,,,,,,,,,,,,
Magnificent Destiny,,,,,,,,,,,,,,,,,,,
Writing for Story,,,,,,,,,,,,,,,,,,,
The Complete Book for Composing,,,,,,,,,,,,,,,,,,,
daphone du Maurier/ Don't Look Now,,,,,,,,,,,,,,,,,,,
The Eagle and the Room,,,,,,,,,,,,,,,,,,,
Love and war,,,,,,,,,,,,,,,,,,,
The Crusades: The Flame of Islam,,,,,,,,,,,,,,,,,,,
The Belli Files,,,,,,,,,,,,,,,,,,,
First in his Class: A Biography of Bill Clinton,,,,,,,,,,,,,,,,,,,
The Goldstar Family Album 1968,,,,,,,,,,,,,,,,,,,
kalki,,,,,,,,,,,,,,,,,,,
Do you own Legal Work,,,,,,,,,,,,,,,,,,,
The Lining Socrates,,,,,,,,,,,,,,,,,,,
Nomads of the World,,,,,,,,,,,,,,,,,,,
Lie Down with Lions,,,,,,,,,,,,,,,,,,,
When families make & Memories Together,,,,,,,,,,,,,,,,,,,
1967 Mc Chellar Air Force Base California,,,,,,,,,,,,,,,,,,,
Best Sellers,,,,,,,,,,,,,,,,,,,
Authur Hailey: The Evening News,,,,,,,,,,,,,,,,,,,
From Here to Eternity,,,,,,,,,,,,,,,,,,,
Great Son,,,,,,,,,,,,,,,,,,,
The Lady of Arlington,,,,,,,,,,,,,,,,,,,
So Big,,,,,,,,,,,,,,,,,,,
The Golden Exile,,,,,,,,,,,,,,,,,,,
Dough Ray & Me,,,,,,,,,,,,,,,,,,,
American Beauty,,,,,,,,,,,,,,,,,,,
Classics to grow on,,,,,,,,,,,,,,,,,,,
Blood of the Martyrs,,,,,,,,,,,,,,,,,,,
This Was Tommorow,,,,,,,,,,,,,,,,,,,
Give us this Day,,,,,,,,,,,,,,,,,,,
Beyond the Green,,,,,,,,,,,,,,,,,,,
The Glorious Folly,,,,,,,,,,,,,,,,,,,
Take my Life,,,,,,,,,,,,,,,,,,,
The Leopard,,,,,,,,,,,,,,,,,,,
Wheel of Fotune vol 2,,,,,,,,,,,,,,,,,,,
The Ransom Red Chief,,,,,,,,,,,,,,,,,,,
Mrs. Simpson,,,,,,,,,,,,,,,,,,,
The Accidental Tourist,,,,,,,,,,,,,,,,,,,
The Way Things Caught to be,,,,,,,,,,,,,,,,,,,
"Nelville, Goodwin",,,,,,,,,,,,,,,,,,,
The Spider King,,,,,,,,,,,,,,,,,,,
The Judas Tree,,,,,,,,,,,,,,,,,,,
Rush Limbaugh,,,,,,,,,,,,,,,,,,,
The Angry Tide,,,,,,,,,,,,,,,,,,,
Wheel of Fotune vol.1,,,,,,,,,,,,,,,,,,,
Saratoga Trunk,,,,,,,,,,,,,,,,,,,
The Grone of eagles,,,,,,,,,,,,,,,,,,,
Crossing,,,,,,,,,,,,,,,,,,,
The Gift,,,,,,,,,,,,,,,,,,,
Injustice for all,,,,,,,,,,,,,,,,,,,
Supreme Court,,,,,,,,,,,,,,,,,,,
Political Code of the State of California,,,,,,,,,,,,,,,,,,,
Roque's Kingdom,,,,,,,,,,,,,,,,,,,
A Maggot,,,,,,,,,,,,,,,,,,,
Four came Back,,,,,,,,,,,,,,,,,,,
The Fourth Man on the Rope,,,,,,,,,,,,,,,,,,,
State Fair,,,,,,,,,,,,,,,,,,,
Going Steady,,,,,,,,,,,,,,,,,,,
A Hundred Hills,,,,,,,,,,,,,,,,,,,
Journey to Adventure,,,,,,,,,,,,,,,,,,,
The Heir of Starvelings,,,,,,,,,,,,,,,,,,,
One Damn Thing After Another,,,,,,,,,,,,,,,,,,,
Introduction to Plant Psychology,,,,,,,,,,,,,,,,,,,
On the Rice,,,,,,,,,,,,,,,,,,,
labor 2,,,,,,,,,,,,,,,,,,,
The Dellima of Alchoholic Marriage,,,,,,,,,,,,,,,,,,,
Storm Shelter,,,,,,,,,,,,,,,,,,,
Tales of a Teacher,,,,,,,,,,,,,,,,,,,
The Almanac of Americans Politics,,,,,,,,,,,,,,,,,,,
365 Days of Create Plays for Children 2 years and Up,,,,,,,,,,,,,,,,,,,
A House of Order,,,,,,,,,,,,,,,,,,,
What Every Engineer Should Know about Economic Decusion Analysis,,,,,,,,,,,,,,,,,,,
World Aflame,,,,,,,,,,,,,,,,,,,
Summer Endings,,,,,,,,,,,,,,,,,,,
Management Practices for the Health Professional,,,,,,,,,,,,,,,,,,,
The Freashman Detective Blue,,,,,,,,,,,,,,,,,,,
Collective Bargaining and Labor Relationship,,,,,,,,,,,,,,,,,,,
Harbors Migration,,,,,,,,,,,,,,,,,,,
Health & Safety,,,,,,,,,,,,,,,,,,,
The Conative Corection,,,,,,,,,,,,,,,,,,,
The Lovely Ambition,,,,,,,,,,,,,,,,,,,
Lucky,,,,,,,,,,,,,,,,,,,
Good as Gold,,,,,,,,,,,,,,,,,,,
